GNU Astronomy Utilities Acknowledgments
=======================================

Copyright (C) 2015-2024 Free Software Foundation, Inc.
See the end of the file for license conditions.

The following people and institutions who contributed to Gnuastro
indirectly (not by actually submitting code) are listed here. For the list
of Gnuastro code/documentation authors (people who have contributed actual
code/text as commits in the version controlled history of Gnuastro), please
see the 'AUTHORS' file in the same directory.


People
------

The following people provided valuable feedback (suggestions, ideas) to the
authors of Gnuastro. We hereby gratefully acknowledge their help and
support in Gnuastro. The list is ordered alphabetically (by family name).

    Aaron Watkins                        aaron.watkins@oulu.fi
    Adrian Bunk                          bunk@debian.org
    Agata Rożek                          a.rozek@ed.ac.uk
    Alan Lefor                           alefor@astr.tohoku.ac.jp
    Alberto Madrigal                     brt.madrigal@gmail.com
    Alberto Moreno Signes                amoreno@cefca.es
    Alejandro Lumbreras Calle            alumbreras@cefca.es
    Alejandro Serrano Borlaff            asborlaff@ucm.es
    Alessandro Ederoclite                aederocl@gmail.com
    Alexey Dokuchaev                     danfe@freebsd.org
    Alfred M. Szmidt                     ams@gnu.org
    Alireza Molaeinezhad                 amolaei@gmail.com
    Andrés Del Pino Molina               adelpino@cefca.es
    Andrés García-Serra Romero           alu0101451923@ull.edu.es
    Antonio Diaz Diaz                    antonio@gnu.org
    Aurélien Jarno                       aurelien.jarno@univ-lyon1.fr
    Benjamin Clement                     benjamin.clement@univ-lyon1.fr
    Bertrand Pain                        bertrand.pain@inserm.fr
    Bob Proulx                           bob@proulx.com
    Boudewijn F. Roukema                 boud@cosmo.torun.pl
    Brandon Invergo                      brandon@gnu.org
    Brandon Kelly                        b.k.kelly@2017.ljmu.ac.uk
    Bruno Haible                         bruno@clisp.org
    Carlos Allende Prieto                callende@iac.es
    Carlos Morales Socorro               cmorsoc@gmail.com
    Christopher Willmer                  cnaw@as.arizona.edu
    Clotilde Laigle                      laigle@iap.fr
    Colin Orion Chandler                 coc123@uw.edu
    Craig Gordon                         craig.a.gordon@nasa.gov
    David Shupe                          shupe@ipac.caltech.edu
    David Valls-Gabaud                   david.valls-gabaud@obspm.fr
    Dmitrii Oparin                       doparin2@gmail.com
    Elham Eftekhari                      elhamea@iac.es
    Elham Saremi                         saremi@ipm.ir
    Eric Thiébaut                        eric.thiebaut@univ-lyon1.fr
    Faezeh Bidjarchian                   fbidjarchian@gmail.com
    Fernando Buitrago                    fbuitrago@oal.ul.pt
    Floriane Leclercq                    floriane.leclercq@univ-lyon1.fr
    Francesco Montanari                  francesco.montanari@openmailbox.org
    Francois Ochsenbein                  francois.ochsenbein@gmail.com
    Gaspar Galaz                         ggalaz@astro.puc.cl
    Geoffry Krouchi                      geoffrey.krouchi@etu.univ-lyon1.fr
    Giacomo Lorenzetti                   glorenzetti@cefca.es
    Giulia Golini                        giulia.golini@gmail.com
    Guillaume Mahler                     guillaume.mahler@univ-lyon1.fr
    Hamed Altafi                         hamed.altafi2@gmail.com
    Helena Domínguez Sánchez             hdominguez@cefca.es
    Hilderic Browne                      hilderic@storm.ca
    Ignacio Ruiz Cejudo                  igruiz04@ucm.es
    Ignacio Trujillo                     trujillo@iac.es
    Irene Pintos Castro                  ipintos@cefca.es
    Javier Licandro                      jlicandr@iac.es
    Javier Moldon                        jmoldon@iaa.es
    Jenny Sorce                          jenny.sorce@univ-lyon1.fr
    Jeremy Lim                           jjlim@hku.hk
    Jesús Varela                         jvarela@cefca.es
    Jesús Vega                           astrovega@gmail.com
    Joanna Sakowska                      js01093@surrey.ac.uk
    Johan Knapen                         jhk@iac.es
    Johannes Zabl                        johannes.zabl@irap.omp.eu
    Joseph Mazzarella                    mazz@ipac.caltech.edu
    Joseph Putko                         josephputko@gmail.com
    Juan Antonio Fernández Ontiveros     jafernandez@cefca.es
    Juan Castillo Ramírez                jcastillo@cefca.es
    Juan C. Tello                        jtello@iaa.es
    Juan Miro                            miro.juan@gmail.com
    Juan Molina Tobar                    juan.a.molina.t@gmail.com
    Karl Berry                           karl@gnu.org
    Lee Kelvin                           lee.s.kelvin@gmail.com
    Lee Spitler                          lee.spitler@mq.edu.au
    Leindert Boogaard                    boogaard@strw.leidenuniv.nl
    Leslie Hunt                          leslie.hunt@inaf.it
    Madusha Gunawardhana                 gunawardhana@strw.leidenuniv.nl
    Mamta Pommier                        mamta.pommier@univ-lyon1.fr
    Manuel Sánchez-Benavente             manuelsb93@gmail.com
    Marcel Popescu                       mpopescu@iac.es
    Marjan Akbari                        mrjakbari@gmail.com
    Mark Calabretta                      mcalabre@atnf.csiro.au
    Markus Schaney                       markus@riseup.net
    Martin Guerrero Roncel               mar@iaa.es
    Martin Kuemmel                       mkuemmel@usm.lmu.de
    Michael H.F. Wilkinson               m.h.f.wilkinson@gmail.com
    Michael Stein                        mstein@astro.rub.de
    Michel Tallon                        mtallon@obs.univ-lyon1.fr
    Mohammad-Reza Khellat                moha.khe@gmail.com
    Nafise Sedighi                       sedighinafise94@gmail.com
    Nicolas Bouché                       nicolas.bouche@irap.omp.eu
    Nima Dehdilani                       nimadehdilani@gmail.com
    Nushkia Chamba                       chamba@iac.es
    Ole Streicher                        olebole@debian.org
    Ooldooz Kabood                       kaboodooldooz@gmail.com
    Oryna Ivashtenko                     arinaivashtenko@gmail.com
    Paola Dimauro                        paola.dimauro@inaf.it
    Paul Eggert                          eggert@cs.ucla.edu
    Peter Teuben                         teuben@umd.edu
    Phil Wyett                           philip.wyett@kathenas.org
    Pierre-Alain Duc                     pierre-alain.duc@astro.unistra.fr
    Rahna Payyasseri Thanduparackal      rpayyasseri@cefca.es
    Raphael Morales                      rmorales@iaa.es
    Rashid Yaaqib                        r.yaaqib@gmail.com
    Raúl Infante Sainz                   infantesainz@gmail.com
    Richard Stallman                     rms@gnu.org
    Richard Wilbur                       richard.wilbur@gmail.com
    Roberto Baena Gallé                  rbaena@iac.es
    Roland Bacon                         roland.bacon@univ-lyon1.fr
    Rosa Calvi                           rcalvi@iac.es
    Ryan Begley                          rbeg@roe.ac.uk
    Samane Raji                          samaneraji@gmail.com
    Sara Yousefi Taemeh                  s.yousefi.t@gmail.com
    Sebastián Luna Valero                sluna@iaa.es
    Sepideh Eskandarlou                  sepideh.eskandarlou@gmail.com
    Sergio Chueca Urzay                  chueca@cefca.es
    Siyang He                            siyang.he.uw@gmail.com
    Stefan Brüns                         stefan.bruens@rwth-aachen.de
    Stephen Hamer                        stephen.hamer@univ-lyon1.fr
    Sylvain Mottet                       mottet@iap.fr
    Sílvia Farras                        silvia.farras1@gmail.com
    Takashi Ichikawa                     ichikawa@astr.tohoku.ac.jp
    Tamara Civera Lorenzo                tcivera@cefca.es
    Teet Kuutma                          tkuutma@cefca.es
    Teymoor Saifollahi                   teymur.saif@gmail.com
    Thérèse Godefroy                     godef.th@free.fr
    Thorsten Alteholz                    thorsten@alteholz.dev
    Valentina Abril-melgarejo            valentina.abril@lam.fr
    Vincenzo Testa                       vincenzo.testa@inaf.it
    William Pence                        william.pence@nasa.gov
    Xiuqin Wu                            xiuqin@ipac.caltech.edu
    Yahya Sefidbakht                     y.sefidbakht@gmail.com
    Zahra Bagheri                        bagheri.zahra87@gmail.com
    Zahra Hosseini                       2hs.zahra@gmail.com
    Zahra Sharbaf                        samaeh.sharbaf2@yahoo.com
    Zohreh Ghaffari                      zoh.ghaffari@gmail.com


Teams
-----

The members of the following teams also provided great help and support.

    GNU French Translation Team:
        https://savannah.gnu.org/projects/www-fr


Institutions
------------

Host institutions of Gnuastro's developers.

    Tohoku University Astronomical Institute, Sendai, Japan.
    University of Salento, Lecce, Italy.
    Centre de Recherche Astrophysique de Lyon (CRAL), Lyon, France.
    Instituto de Astrofisica de Canarias (IAC), Tenerife, Spain.
    Google Summer of Code(GSoC).
    Centro de Estudios de Física del Cosmos de Aragón (CEFCA), Teruel, Spain.


Copyright
---------

Copyright (C) 2015-2024 Free Software Foundation, Inc.

Permission is granted to copy, distribute and/or modify this document under
the terms of the GNU Free Documentation License, Version 1.3 or any later
version published by the Free Software Foundation; with no Invariant
Sections, with no Front-Cover Texts, and with no Back-Cover Texts.
